Age,Gender,Academic_Year,Field_of_Study,Binge_Scroll_Platform,Daily_Hours_Spent,Peak_Usage_Time,Use_Before_Sleep,Lose_Track_of_Time,Q13_Continuous_Scroll,Q14_Scroll_Until_Bored,Q15_Scroll_No_Purpose,Q16_Scroll_When_Alone,Q17_Physically_Uncomfortable,Q18_Feel_Guilty,Q19_Feel_Depressed,Q20_Mad_At_Self,Q21_Struggle_To_Control,Q22_Thinking_About_Scrolling,Q23_Scroll_More_Than_Planned,Q24_Cannot_Stop_Self,Q25_Procrastinate_Academic_Work,Q26_Reduces_Study_Efficiency,Q27_Lose_Study_Concentration,Q28_Anxious_Without_Social_Media,Binge_Index,Academic_Impact_Index,Cluster,Persona
24–26,Male,4th Year,Computer Science / IT,Instagram,2–3 hours,Late night,Yes,Yes,4,3,5,5,3,3,3,3,4,3,5,4,4,4,4,5,3.75,4.25,0,At-Risk
21–23,Male,2nd Year,Computer Science / IT,Facebook,1–2 hours,Late night,Yes,No,3,3,3,4,2,3,3,2,1,1,2,2,2,3,2,2,2.4166666666666665,2.25,2,Low-Risk
21–23,Male,4th Year,Computer Science / IT,Facebook,More than 4 hours,Late night,Yes,Yes,5,5,5,5,5,5,5,3,3,1,3,3,4,4,5,3,4.0,4.0,0,At-Risk
24–26,female,4th Year,Engineering,Instagram,1–2 hours,Late night,Yes,Yes,5,5,5,5,5,5,5,5,5,2,5,2,3,3,2,2,4.5,2.5,0,At-Risk
24–26,Male,4th Year,Computer Science / IT,Instagram,3–4 hours,Late night,Yes,Yes,5,5,5,5,3,3,2,2,3,2,3,2,4,4,4,4,3.333333333333333,4.0,1,Moderate
24–26,Male,4th Year,Computer Science / IT,Instagram,More than 4 hours,Late night,Yes,Yes,4,4,4,5,2,4,4,3,3,2,4,3,4,4,4,3,3.5,3.75,1,Moderate
24–26,Male,4th Year,Engineering,Instagram,2–3 hours,Late night,Yes,Yes,4,4,5,5,4,1,1,1,1,5,1,1,2,5,1,1,2.75,2.25,2,Low-Risk
24–26,Male,4th Year,Engineering,Facebook,3–4 hours,Evening,Yes,Yes,5,5,5,3,2,2,1,1,4,1,5,4,5,5,5,4,3.1666666666666665,4.75,1,Moderate
24–26,Male,3rd Year,Business / Management,Facebook,More than 4 hours,Late night,Yes,No,3,5,3,5,1,1,1,1,1,5,5,1,5,3,3,3,2.6666666666666665,3.5,1,Moderate
24–26,Male,4th Year,Other,Other,1–2 hours,Evening,Yes,No,3,3,2,3,3,2,2,2,2,2,2,2,3,2,2,3,2.333333333333333,2.5,2,Low-Risk
24–26,Male,4th Year,Computer Science / IT,Facebook,1–2 hours,Afternoon,Yes,Yes,3,2,4,4,4,4,2,2,1,1,3,3,4,5,4,3,2.75,4.0,1,Moderate
21–23,Male,4th Year,Business / Management,Instagram,2–3 hours,Evening,Yes,Yes,4,3,5,5,5,4,3,5,4,1,5,3,4,5,5,1,3.9166666666666665,3.75,0,At-Risk
24–26,Male,4th Year,Computer Science / IT,Instagram,3–4 hours,Late night,Yes,No,3,2,4,3,2,4,3,3,3,2,4,2,4,4,2,2,2.9166666666666665,3.0,1,Moderate
24–26,Male,4th Year,Computer Science / IT,Instagram,2–3 hours,Late night,Yes,No,4,5,5,5,1,1,1,1,1,1,1,1,5,4,3,5,2.25,4.25,1,Moderate
24–26,Male,4th Year,Computer Science / IT,Facebook,More than 4 hours,Late night,Yes,Yes,3,3,5,5,3,2,2,1,3,3,5,3,3,4,4,5,3.1666666666666665,4.0,1,Moderate
24–26,Male,4th Year,Computer Science / IT,Facebook,More than 4 hours,Late night,Yes,Yes,5,5,5,5,5,5,5,5,4,1,3,1,1,1,3,1,4.083333333333333,1.5,0,At-Risk
24–26,Male,3rd Year,Other,Other,1–2 hours,Late night,No,Yes,4,4,3,3,2,3,5,3,3,2,2,2,2,3,3,2,3.0,2.5,1,Moderate
21–23,Male,4th Year,Computer Science / IT,Facebook,More than 4 hours,Late night,Yes,No,5,5,1,5,4,3,1,2,4,1,2,3,5,4,5,2,3.0,4.0,1,Moderate
18–20,Male,1st Year,Computer Science / IT,Facebook,More than 4 hours,Late night,Yes,Yes,5,5,5,5,3,5,5,5,3,2,5,5,5,5,5,1,4.416666666666667,4.0,0,At-Risk
18–20,Male,1st Year,Computer Science / IT,Facebook,3–4 hours,Morning,No,Yes,4,3,3,3,3,3,3,3,3,2,3,3,3,4,3,3,3.0,3.25,1,Moderate
21–23,Male,2nd Year,Arts / Humanities,Other,1–2 hours,Evening,No,No,3,4,5,5,5,5,5,5,5,5,5,5,5,5,5,4,4.75,4.75,0,At-Risk
21–23,Male,3rd Year,Computer Science / IT,Facebook,1–2 hours,Evening,Yes,No,2,3,5,5,2,3,3,3,1,1,3,1,2,3,3,1,2.6666666666666665,2.25,2,Low-Risk
18–20,Male,1st Year,Computer Science / IT,Instagram,3–4 hours,Late night,Yes,Yes,1,5,5,5,1,1,1,2,5,1,5,1,4,1,4,3,2.75,3.0,1,Moderate
21–23,Male,2nd Year,Computer Science / IT,Other,3–4 hours,Late night,Yes,No,3,1,1,1,1,1,1,1,1,1,1,1,1,4,2,1,1.1666666666666667,2.0,2,Low-Risk
21–23,Male,2nd Year,Computer Science / IT,Instagram,2–3 hours,Late night,Yes,No,2,5,2,4,2,2,4,3,2,1,2,1,1,2,3,1,2.5,1.75,2,Low-Risk
21–23,Male,3rd Year,Computer Science / IT,Facebook,More than 4 hours,Late night,Yes,No,5,5,3,3,4,5,4,5,5,5,5,5,4,3,4,5,4.5,4.0,0,At-Risk
21–23,Male,3rd Year,Computer Science / IT,Instagram,3–4 hours,Evening,Yes,Yes,3,2,4,4,4,3,2,2,2,2,4,2,4,4,2,2,2.833333333333333,3.0,1,Moderate
21–23,Male,3rd Year,Engineering,Instagram,3–4 hours,Evening,Yes,No,5,5,5,5,5,5,5,5,5,5,1,5,5,5,5,1,4.666666666666667,4.0,0,At-Risk
21–23,Male,2nd Year,Engineering,Instagram,2–3 hours,Late night,Yes,Yes,3,4,3,5,1,1,1,1,1,1,4,1,2,5,3,1,2.1666666666666665,2.75,2,Low-Risk
21–23,Male,3rd Year,Engineering,Facebook,More than 4 hours,Evening,Yes,No,4,4,5,4,3,3,3,1,3,4,2,2,3,4,2,3,3.1666666666666665,3.0,1,Moderate
21–23,Male,2nd Year,Computer Science / IT,Facebook,1–2 hours,Late night,Yes,No,2,2,1,4,2,2,2,1,1,1,2,2,2,2,2,1,1.8333333333333333,1.75,2,Low-Risk
18–20,Male,2nd Year,Computer Science / IT,Instagram,More than 4 hours,Late night,Yes,No,3,3,3,3,3,3,3,3,3,3,3,3,3,3,3,5,3.0,3.5,1,Moderate
21–23,Male,3rd Year,Engineering,Instagram,1–2 hours,Late night,Yes,Yes,1,1,1,5,1,1,1,1,1,1,1,1,1,1,1,1,1.3333333333333333,1.0,2,Low-Risk
21–23,Male,2nd Year,Other,Facebook,1–2 hours,Evening,No,Yes,1,3,2,1,4,4,2,2,2,3,3,3,3,3,3,3,2.5,3.0,1,Moderate
24–26,Male,4th Year,Computer Science / IT,Facebook,2–3 hours,Late night,Yes,Yes,3,3,3,3,3,3,3,3,3,3,3,3,3,3,3,3,3.0,3.0,1,Moderate
24–26,Male,Masters,Other,Facebook,More than 4 hours,Late night,Yes,Yes,5,5,5,5,3,4,3,1,3,3,4,4,4,5,4,4,3.75,4.25,0,At-Risk
21–23,Male,1st Year,Computer Science / IT,Facebook,2–3 hours,Afternoon,No,Yes,1,1,1,1,1,1,1,1,1,1,1,1,1,1,2,1,1.0,1.25,2,Low-Risk
21–23,Male,1st Year,Computer Science / IT,X (Twitter),More than 4 hours,Late night,Yes,Yes,1,3,4,5,3,3,3,3,3,1,4,3,1,2,1,1,3.0,1.25,2,Low-Risk
Above 26,Male,Masters,Other,X (Twitter),More than 4 hours,Late night,Yes,No,4,4,4,4,3,3,3,3,3,3,3,3,3,3,3,3,3.333333333333333,3.0,1,Moderate
21–23,Male,1st Year,Business / Management,Instagram,3–4 hours,Evening,Yes,No,3,4,5,4,1,1,1,3,2,1,1,1,1,1,2,1,2.25,1.25,2,Low-Risk
18–20,Male,1st Year,Engineering,Instagram,3–4 hours,Late night,Yes,No,3,2,2,5,1,3,3,3,3,3,4,5,4,3,4,4,3.083333333333333,3.75,1,Moderate
18–20,Male,1st Year,Computer Science / IT,Facebook,1–2 hours,Late night,Yes,Yes,2,3,4,4,1,1,1,1,2,1,2,1,2,2,2,2,1.9166666666666667,2.0,2,Low-Risk
21–23,Male,3rd Year,Computer Science / IT,YouTube Shorts,More than 4 hours,Late night,No,No,5,5,5,5,5,5,5,5,5,5,3,5,5,5,5,5,4.833333333333333,5.0,0,At-Risk
24–26,Male,4th Year,Computer Science / IT,Facebook,3–4 hours,Late night,Yes,No,4,3,3,3,3,3,3,3,3,3,4,3,4,3,3,3,3.1666666666666665,3.25,1,Moderate
21–23,Male,1st Year,Computer Science / IT,Instagram,2–3 hours,Late night,Yes,Yes,1,1,1,2,1,1,1,1,1,1,1,1,1,1,1,1,1.0833333333333333,1.0,2,Low-Risk
21–23,Male,3rd Year,Engineering,YouTube Shorts,1–2 hours,Evening,No,No,3,3,3,3,3,3,3,3,3,3,3,3,3,3,3,3,3.0,3.0,1,Moderate
21–23,Male,2nd Year,Other,Facebook,2–3 hours,Evening,Yes,No,3,4,4,4,4,4,4,4,3,4,4,4,3,5,5,5,3.8333333333333335,4.5,0,At-Risk
Above 26,Male,4th Year,Computer Science / IT,YouTube Shorts,More than 4 hours,Late night,Yes,Yes,1,1,1,3,1,1,1,1,1,1,3,1,1,1,1,1,1.3333333333333333,1.0,2,Low-Risk
21–23,Male,3rd Year,Computer Science / IT,Facebook,3–4 hours,Evening,Yes,Yes,3,1,3,3,3,3,3,3,2,3,3,2,2,2,2,2,2.6666666666666665,2.0,2,Low-Risk
21–23,Male,4th Year,Computer Science / IT,Facebook,More than 4 hours,Late night,Yes,Yes,5,5,5,5,4,4,5,4,4,4,4,4,5,3,4,3,4.416666666666667,3.75,0,At-Risk
21–23,Male,3rd Year,Computer Science / IT,YouTube Shorts,2–3 hours,Evening,Yes,No,2,1,1,1,4,4,4,2,2,2,1,2,1,1,1,5,2.1666666666666665,2.0,2,Low-Risk
21–23,Male,1st Year,Computer Science / IT,Facebook,3–4 hours,Evening,Yes,No,2,1,1,1,1,1,3,3,2,2,2,3,2,2,2,2,1.8333333333333333,2.0,2,Low-Risk
18–20,Male,1st Year,Computer Science / IT,Facebook,3–4 hours,Late night,Yes,No,5,5,5,5,1,3,2,1,1,1,3,1,4,5,5,5,2.75,4.75,1,Moderate
18–20,Male,2nd Year,Computer Science / IT,Instagram,2–3 hours,Late night,Yes,Yes,3,1,2,3,2,5,5,4,5,2,5,3,5,5,5,3,3.333333333333333,4.5,0,At-Risk
24–26,Male,Masters,Engineering,YouTube Shorts,2–3 hours,Evening,Yes,No,3,2,1,5,4,3,3,4,2,1,3,1,1,3,4,1,2.6666666666666665,2.25,2,Low-Risk
21–23,Male,2nd Year,Engineering,Instagram,2–3 hours,Evening,Yes,No,2,1,3,1,5,5,5,5,3,1,3,1,3,4,5,1,2.9166666666666665,3.25,1,Moderate
21–23,Male,1st Year,Computer Science / IT,Facebook,2–3 hours,Evening,Yes,No,5,5,1,1,5,1,1,1,1,1,5,5,3,3,3,3,2.6666666666666665,3.0,1,Moderate
21–23,Male,2nd Year,Engineering,Facebook,More than 4 hours,Late night,Yes,No,5,5,5,5,1,1,1,1,1,1,2,1,1,1,1,1,2.4166666666666665,1.0,2,Low-Risk
24–26,Male,4th Year,Computer Science / IT,YouTube Shorts,2–3 hours,Late night,Yes,Yes,4,5,5,5,4,5,4,5,3,2,5,3,4,4,4,1,4.166666666666667,3.25,0,At-Risk
21–23,Male,1st Year,Computer Science / IT,Instagram,3–4 hours,Late night,Yes,No,3,3,3,3,3,3,3,3,3,3,3,3,3,3,3,3,3.0,3.0,1,Moderate
21–23,Male,2nd Year,Computer Science / IT,Instagram,1–2 hours,Afternoon,Yes,Yes,3,2,4,5,5,5,2,2,1,1,4,3,4,4,4,2,3.083333333333333,3.5,1,Moderate
21–23,Male,1st Year,Computer Science / IT,Instagram,1–2 hours,Late night,Yes,No,2,2,2,5,1,1,2,2,2,1,2,3,3,2,2,2,2.083333333333333,2.25,2,Low-Risk
24–26,Male,4th Year,Computer Science / IT,YouTube Shorts,3–4 hours,Afternoon,Yes,Yes,3,2,2,4,2,2,3,3,4,4,4,4,3,3,3,3,3.083333333333333,3.0,1,Moderate
21–23,Male,3rd Year,Computer Science / IT,Facebook,More than 4 hours,Evening,Yes,No,4,3,3,3,3,3,3,3,3,3,3,3,3,3,3,3,3.083333333333333,3.0,1,Moderate
21–23,Male,4th Year,Computer Science / IT,YouTube Shorts,2–3 hours,Late night,Yes,Yes,4,3,3,4,4,4,5,5,5,5,5,5,5,3,4,3,4.333333333333333,3.75,0,At-Risk
21–23,Male,2nd Year,Engineering,Facebook,1–2 hours,Late night,Yes,No,1,1,1,2,5,5,5,5,5,1,5,5,3,5,5,3,3.4166666666666665,4.0,0,At-Risk
18–20,Male,1st Year,Computer Science / IT,Facebook,2–3 hours,Late night,Yes,No,3,3,2,2,3,2,2,2,3,1,2,1,2,2,2,2,2.1666666666666665,2.0,2,Low-Risk
24–26,Male,2nd Year,Engineering,Facebook,More than 4 hours,Late night,Yes,No,3,3,3,4,2,1,1,1,1,2,3,3,2,2,2,2,2.25,2.0,2,Low-Risk
24–26,Male,4th Year,Computer Science / IT,Facebook,1–2 hours,Evening,Yes,Yes,3,3,3,3,3,3,3,3,3,3,3,3,3,3,3,3,3.0,3.0,1,Moderate
24–26,Male,4th Year,Computer Science / IT,Facebook,3–4 hours,Late night,Yes,Yes,5,5,5,5,3,1,2,1,3,4,5,3,5,5,5,4,3.5,4.75,1,Moderate
21–23,female,4th Year,Engineering,Instagram,2–3 hours,Late night,Yes,No,4,3,3,3,1,4,1,1,3,1,2,2,3,2,2,2,2.333333333333333,2.25,2,Low-Risk
21–23,Male,1st Year,Computer Science / IT,Facebook,3–4 hours,Late night,Yes,Yes,3,3,3,3,2,4,3,2,2,2,3,2,4,4,4,2,2.6666666666666665,3.5,1,Moderate
18–20,Prefer not to say,1st Year,Engineering,Instagram,More than 4 hours,Afternoon,Yes,No,3,5,5,5,3,2,2,2,3,1,4,2,5,5,2,2,3.083333333333333,3.5,1,Moderate
21–23,female,4th Year,Engineering,Facebook,More than 4 hours,Evening,Yes,Yes,4,3,3,3,3,2,4,3,2,3,3,4,4,4,3,3,3.083333333333333,3.5,1,Moderate
21–23,Male,4th Year,Computer Science / IT,YouTube Shorts,3–4 hours,Afternoon,Yes,Yes,2,1,1,2,2,2,2,1,1,1,1,1,1,3,1,2,1.4166666666666667,1.75,2,Low-Risk
24–26,Male,3rd Year,Computer Science / IT,Facebook,More than 4 hours,Late night,Yes,Yes,4,2,4,3,1,3,1,2,3,1,2,2,2,3,3,2,2.333333333333333,2.5,2,Low-Risk
21–23,Male,3rd Year,Computer Science / IT,Facebook,More than 4 hours,Late night,Yes,Yes,3,5,5,5,5,5,5,5,5,2,2,3,4,4,4,3,4.166666666666667,3.75,0,At-Risk
24–26,Male,Masters,Computer Science / IT,Facebook,3–4 hours,Evening,Yes,Yes,2,2,2,2,2,2,2,2,2,2,2,2,2,2,2,2,2.0,2.0,2,Low-Risk
21–23,Male,3rd Year,Other,Facebook,More than 4 hours,Late night,Yes,No,5,5,5,3,3,2,2,2,4,1,3,1,4,2,3,3,3.0,3.0,1,Moderate
24–26,Male,4th Year,Computer Science / IT,Facebook,2–3 hours,Evening,Yes,Yes,1,2,2,2,2,2,2,4,4,4,3,3,3,3,2,2,2.583333333333333,2.5,2,Low-Risk
24–26,Male,Masters,Computer Science / IT,Facebook,More than 4 hours,Evening,Yes,No,4,3,4,4,3,5,5,5,5,3,2,3,5,5,4,4,3.8333333333333335,4.5,0,At-Risk
21–23,Male,3rd Year,Computer Science / IT,Facebook,More than 4 hours,Late night,Yes,No,5,5,5,5,5,5,5,5,5,5,5,5,5,5,5,5,5.0,5.0,0,At-Risk
21–23,Male,4th Year,Computer Science / IT,YouTube Shorts,More than 4 hours,Late night,Yes,No,5,3,5,5,5,3,3,4,3,3,5,1,5,5,5,2,3.75,4.25,0,At-Risk
21–23,Male,3rd Year,Computer Science / IT,Instagram,3–4 hours,Morning,Yes,Yes,5,4,5,5,2,5,4,5,5,4,5,4,5,5,5,2,4.416666666666667,4.25,0,At-Risk
24–26,Male,4th Year,Computer Science / IT,Facebook,2–3 hours,Late night,Yes,Yes,4,4,3,4,4,3,4,3,4,4,4,3,5,4,4,3,3.6666666666666665,4.0,0,At-Risk
21–23,Male,3rd Year,Computer Science / IT,Facebook,2–3 hours,Late night,Yes,No,5,4,3,4,5,5,4,4,5,5,4,4,4,5,4,4,4.333333333333333,4.25,0,At-Risk
24–26,Male,4th Year,Engineering,Instagram,2–3 hours,Late night,Yes,Yes,5,5,4,5,4,5,3,3,3,2,4,3,4,4,5,2,3.8333333333333335,3.75,0,At-Risk
21–23,female,2nd Year,Engineering,Instagram,2–3 hours,Evening,Yes,No,3,1,5,5,1,1,4,1,1,1,1,1,3,4,4,1,2.083333333333333,3.0,2,Low-Risk
21–23,Male,Masters,Engineering,Instagram,2–3 hours,Evening,Yes,Yes,1,1,1,1,1,1,1,1,1,1,1,1,1,1,1,1,1.0,1.0,2,Low-Risk
24–26,female,4th Year,Computer Science / IT,Instagram,More than 4 hours,Late night,Yes,Yes,5,5,5,5,4,5,3,5,4,3,4,3,4,3,4,3,4.25,3.5,0,At-Risk
24–26,female,4th Year,Engineering,Facebook,2–3 hours,Evening,Yes,Yes,4,3,4,4,5,5,4,3,5,3,3,4,3,4,4,4,3.9166666666666665,3.75,0,At-Risk
24–26,Male,4th Year,Computer Science / IT,Instagram,More than 4 hours,Late night,Yes,Yes,5,5,5,5,3,3,3,3,5,1,5,3,5,5,5,3,3.8333333333333335,4.5,0,At-Risk
21–23,female,4th Year,Other,Instagram,More than 4 hours,Late night,Yes,No,3,3,3,3,3,3,3,3,3,3,3,3,3,3,3,3,3.0,3.0,1,Moderate
21–23,Male,2nd Year,Business / Management,Instagram,2–3 hours,Evening,Yes,Yes,4,4,4,3,5,3,4,2,3,3,4,3,3,3,3,4,3.5,3.25,1,Moderate
21–23,Male,1st Year,Business / Management,Facebook,1–2 hours,Late night,No,Yes,4,2,3,3,3,4,3,3,3,3,3,4,2,4,2,4,3.1666666666666665,3.0,1,Moderate
21–23,female,3rd Year,Science,Instagram,2–3 hours,Evening,Yes,Yes,2,2,4,5,2,5,5,5,2,1,2,5,5,5,2,1,3.333333333333333,3.25,1,Moderate
24–26,Male,4th Year,Computer Science / IT,Facebook,2–3 hours,Late night,Yes,Yes,2,2,3,4,2,4,3,3,3,1,1,2,2,3,3,2,2.5,2.5,2,Low-Risk
21–23,female,3rd Year,Computer Science / IT,Instagram,3–4 hours,Late night,No,Yes,4,2,3,4,2,4,2,4,4,4,3,4,4,4,3,4,3.333333333333333,3.75,1,Moderate
21–23,female,2nd Year,Business / Management,TikTok,2–3 hours,Late night,Yes,Yes,4,2,5,5,4,5,4,5,4,3,5,5,5,4,5,5,4.25,4.75,0,At-Risk
21–23,Male,3rd Year,Engineering,Facebook,3–4 hours,Late night,Yes,No,4,3,3,4,4,4,4,4,4,3,4,4,4,4,4,4,3.75,4.0,0,At-Risk
21–23,female,3rd Year,Engineering,Facebook,3–4 hours,Evening,Yes,No,4,3,3,3,4,4,4,4,4,4,4,4,4,4,3,4,3.75,3.75,0,At-Risk
21–23,female,2nd Year,Computer Science / IT,Instagram,2–3 hours,Evening,Yes,Yes,4,2,3,4,4,4,3,4,3,4,4,4,4,3,3,5,3.583333333333333,3.75,0,At-Risk
21–23,Male,3rd Year,Computer Science / IT,YouTube Shorts,3–4 hours,Evening,Yes,Yes,4,3,3,4,4,3,3,4,3,3,4,4,3,3,4,4,3.5,3.5,1,Moderate
21–23,Male,3rd Year,Engineering,Facebook,3–4 hours,Evening,Yes,Yes,4,4,4,4,5,4,4,5,4,4,4,4,4,4,4,4,4.166666666666667,4.0,0,At-Risk
21–23,female,3rd Year,Computer Science / IT,Instagram,2–3 hours,Late night,Yes,Yes,4,4,4,2,4,4,4,4,4,4,4,3,4,3,4,5,3.75,4.0,0,At-Risk
21–23,female,3rd Year,Computer Science / IT,TikTok,2–3 hours,Evening,Yes,Yes,4,4,5,5,4,5,4,4,4,2,2,4,5,5,3,5,3.9166666666666665,4.5,0,At-Risk
21–23,Male,3rd Year,Computer Science / IT,Instagram,2–3 hours,Late night,Yes,Yes,4,3,4,3,3,3,4,3,4,3,4,2,4,3,4,3,3.333333333333333,3.5,1,Moderate
24–26,female,3rd Year,Computer Science / IT,Instagram,2–3 hours,Afternoon,Yes,Yes,4,4,3,3,4,4,3,2,4,4,4,3,4,4,4,5,3.5,4.25,0,At-Risk
21–23,female,4th Year,Business / Management,Instagram,2–3 hours,Late night,Yes,No,4,4,5,4,4,4,2,3,2,4,3,3,4,2,4,4,3.5,3.5,1,Moderate
21–23,female,4th Year,Computer Science / IT,Facebook,More than 4 hours,Evening,No,No,2,3,2,2,2,2,3,3,3,2,3,4,2,4,2,3,2.583333333333333,2.75,1,Moderate
21–23,female,4th Year,Business / Management,YouTube Shorts,3–4 hours,Evening,Yes,Yes,2,3,3,2,2,3,3,4,2,3,3,4,4,2,3,4,2.833333333333333,3.25,1,Moderate
21–23,Male,3rd Year,Computer Science / IT,YouTube Shorts,3–4 hours,Late night,Yes,No,5,5,5,4,4,4,3,4,4,4,4,4,3,4,4,4,4.166666666666667,3.75,0,At-Risk
24–26,Male,3rd Year,Engineering,YouTube Shorts,3–4 hours,Late night,Yes,Yes,4,4,4,2,4,3,3,4,4,3,3,4,3,3,4,3,3.5,3.25,1,Moderate
21–23,female,3rd Year,Computer Science / IT,Instagram,3–4 hours,Late night,No,No,4,4,3,4,4,4,3,2,4,2,3,4,4,4,4,4,3.4166666666666665,4.0,1,Moderate
21–23,Prefer not to say,3rd Year,Computer Science / IT,Instagram,3–4 hours,Late night,Yes,Yes,4,3,4,4,3,5,5,3,5,5,5,5,4,4,5,5,4.25,4.5,0,At-Risk
21–23,Male,3rd Year,Computer Science / IT,Instagram,3–4 hours,Late night,Yes,Yes,4,3,5,5,3,5,5,3,2,4,4,3,3,3,5,3,3.8333333333333335,3.5,0,At-Risk
24–26,Male,Masters,Computer Science / IT,Instagram,3–4 hours,Late night,No,Yes,4,2,5,3,2,2,4,2,4,2,3,5,3,2,4,4,3.1666666666666665,3.25,1,Moderate
21–23,Male,3rd Year,Computer Science / IT,Instagram,3–4 hours,Late night,Yes,Yes,4,3,5,2,5,4,3,5,3,4,4,5,5,4,4,3,3.9166666666666665,4.0,0,At-Risk
21–23,Male,3rd Year,Computer Science / IT,Instagram,1–2 hours,Evening,No,Yes,2,3,4,2,4,4,3,3,2,2,3,3,2,3,3,3,2.9166666666666665,2.75,1,Moderate
24–26,Male,4th Year,Computer Science / IT,Facebook,3–4 hours,Evening,Yes,Yes,4,4,4,4,3,4,4,4,4,3,3,5,4,4,4,4,3.8333333333333335,4.0,0,At-Risk
21–23,Prefer not to say,4th Year,Computer Science / IT,YouTube Shorts,3–4 hours,Late night,Yes,Yes,4,4,4,5,4,3,4,3,3,3,4,3,4,4,3,4,3.6666666666666665,3.75,0,At-Risk
21–23,female,4th Year,Engineering,Instagram,2–3 hours,Late night,Yes,Yes,4,3,4,3,4,4,4,3,4,4,4,2,4,3,4,4,3.583333333333333,3.75,0,At-Risk
21–23,female,3rd Year,Computer Science / IT,Instagram,3–4 hours,Afternoon,Yes,Yes,4,4,2,3,4,5,3,4,4,4,2,4,3,4,4,4,3.583333333333333,3.75,0,At-Risk
24–26,female,4th Year,Computer Science / IT,Facebook,2–3 hours,Evening,Yes,Yes,4,4,4,4,3,4,3,3,4,4,4,3,4,3,4,4,3.6666666666666665,3.75,0,At-Risk
21–23,female,3rd Year,Engineering,Instagram,2–3 hours,Late night,Yes,Yes,4,4,3,4,3,4,3,5,5,3,5,5,5,5,4,5,4.0,4.75,0,At-Risk
21–23,Male,3rd Year,Business / Management,Instagram,3–4 hours,Late night,Yes,Yes,4,3,3,4,4,4,2,3,4,4,3,5,4,3,5,5,3.583333333333333,4.25,0,At-Risk
21–23,Male,3rd Year,Computer Science / IT,Instagram,3–4 hours,Late night,Yes,Yes,4,4,3,4,4,4,4,4,4,4,3,4,3,4,4,4,3.8333333333333335,3.75,0,At-Risk
21–23,female,1st Year,Computer Science / IT,Instagram,3–4 hours,Evening,Yes,Yes,4,4,4,5,4,4,5,5,4,4,4,4,4,4,4,4,4.25,4.0,0,At-Risk
21–23,female,3rd Year,Computer Science / IT,Instagram,2–3 hours,Evening,Yes,Yes,4,4,4,4,4,5,4,3,3,5,5,4,4,5,4,5,4.083333333333333,4.5,0,At-Risk
21–23,female,3rd Year,Computer Science / IT,Facebook,3–4 hours,Evening,Yes,Yes,4,2,4,3,4,3,4,3,4,4,4,5,4,5,4,4,3.6666666666666665,4.25,0,At-Risk
21–23,female,3rd Year,Computer Science / IT,Instagram,3–4 hours,Late night,Yes,No,4,4,2,4,3,4,3,5,5,4,4,5,5,5,5,5,3.9166666666666665,5.0,0,At-Risk
21–23,female,3rd Year,Computer Science / IT,Instagram,3–4 hours,Afternoon,Yes,Yes,4,4,4,4,3,4,4,4,4,4,4,4,4,3,4,4,3.9166666666666665,3.75,0,At-Risk
18–20,female,1st Year,Engineering,Instagram,3–4 hours,Evening,Yes,Yes,5,4,3,5,4,4,5,3,4,5,5,4,3,4,4,5,4.25,4.0,0,At-Risk
21–23,female,3rd Year,Business / Management,Instagram,3–4 hours,Morning,Yes,Yes,4,4,2,3,4,4,4,5,4,4,5,4,4,4,4,5,3.9166666666666665,4.25,0,At-Risk
21–23,female,3rd Year,Business / Management,Instagram,3–4 hours,Evening,Yes,Yes,4,4,4,2,4,3,4,3,4,4,5,4,5,5,3,3,3.75,4.0,0,At-Risk
21–23,female,3rd Year,Engineering,Instagram,3–4 hours,Late night,Yes,Yes,4,2,3,3,4,4,5,4,4,2,3,3,4,5,4,4,3.4166666666666665,4.25,0,At-Risk
21–23,female,3rd Year,Engineering,Instagram,2–3 hours,Late night,Yes,Yes,4,4,4,4,3,5,3,4,4,5,5,3,3,3,4,4,4.0,3.5,0,At-Risk
21–23,Male,3rd Year,Engineering,Instagram,2–3 hours,Late night,Yes,Yes,4,5,4,3,5,5,5,5,5,4,4,4,5,5,4,4,4.416666666666667,4.5,0,At-Risk
21–23,Male,3rd Year,Computer Science / IT,Instagram,1–2 hours,Afternoon,Yes,Yes,3,3,2,3,4,2,2,3,3,2,4,4,3,4,3,3,2.9166666666666665,3.25,1,Moderate
21–23,Male,3rd Year,Engineering,Instagram,3–4 hours,Late night,Yes,Yes,4,3,3,4,4,5,3,5,3,5,4,5,4,4,5,3,4.0,4.0,0,At-Risk
21–23,Male,3rd Year,Science,YouTube Shorts,3–4 hours,Late night,Yes,Yes,4,4,3,4,4,5,4,4,3,5,3,4,4,4,3,5,3.9166666666666665,4.0,0,At-Risk
21–23,female,3rd Year,Engineering,Instagram,2–3 hours,Evening,Yes,Yes,4,3,3,4,5,5,4,5,5,4,5,5,4,5,3,5,4.333333333333333,4.25,0,At-Risk
21–23,Male,3rd Year,Engineering,Instagram,2–3 hours,Late night,Yes,Yes,3,3,4,3,4,4,3,2,4,4,4,4,4,5,4,4,3.5,4.25,0,At-Risk
21–23,Male,3rd Year,Engineering,Instagram,2–3 hours,Late night,Yes,No,4,4,5,4,5,5,4,5,3,5,3,5,4,3,5,3,4.333333333333333,3.75,0,At-Risk
21–23,Male,2nd Year,Engineering,Facebook,1–2 hours,Late night,Yes,Yes,4,4,5,4,3,4,4,5,4,4,5,3,5,4,5,5,4.083333333333333,4.75,0,At-Risk
21–23,Male,2nd Year,Computer Science / IT,Instagram,2–3 hours,Late night,Yes,Yes,4,4,4,3,4,4,4,3,4,4,4,3,4,3,4,4,3.75,3.75,0,At-Risk
21–23,female,3rd Year,Computer Science / IT,Facebook,3–4 hours,Late night,Yes,No,4,5,4,4,4,3,1,3,4,1,4,5,5,5,4,4,3.5,4.5,1,Moderate
21–23,Male,3rd Year,Engineering,Instagram,3–4 hours,Late night,Yes,Yes,2,4,3,5,2,2,3,4,4,1,3,4,4,4,4,3,3.083333333333333,3.75,1,Moderate
24–26,female,3rd Year,Business / Management,Instagram,2–3 hours,Late night,Yes,Yes,4,4,4,4,4,5,3,4,1,3,1,4,4,3,1,5,3.4166666666666665,3.25,1,Moderate
24–26,female,3rd Year,Business / Management,Instagram,2–3 hours,Afternoon,Yes,Yes,3,4,3,3,2,4,4,4,3,5,3,3,3,3,4,3,3.4166666666666665,3.25,1,Moderate
